-- ============================================================
-- KARGO İŞLETME SİSTEMİ - Seed Data
-- Kocaeli İlçe Merkezleri + Başlangıç Verileri
-- ============================================================

-- ============================================================
-- SYSTEM PARAMETERS (Değiştirilebilir parametreler)
-- ============================================================

INSERT INTO system_parameters (param_key, param_value, description) VALUES
('cost_per_km', 1.00, 'Kilometre başına maliyet (birim)'),
('rental_cost_500kg', 200.00, '500 kg kapasiteli kiralık araç maliyeti'),
('fuel_price_per_liter', 45.00, 'Litre başına yakıt fiyatı (TL)'),
('default_fuel_consumption', 0.10, 'Varsayılan yakıt tüketimi (lt/km)'),
('max_working_hours', 8.00, 'Maksimum günlük çalışma saati'),
('average_speed_kmh', 50.00, 'Ortalama araç hızı (km/saat)');

-- ============================================================
-- ADMIN USER (şifre: admin123)
-- ============================================================

INSERT INTO users (id, email, password_hash, full_name, role) VALUES
('00000000-0000-0000-0000-000000000001', 
 'admin@kargo.local', 
 '$2b$10$rQZ8K7Y5y5y5y5y5y5y5yOQZ8K7Y5y5y5y5y5y5y5yOQZ8K7Y5y5y', -- bcrypt hash
 'Sistem Yöneticisi', 
 'admin');

-- Test kullanıcıları (şifre: user123)
INSERT INTO users (id, email, password_hash, full_name, role) VALUES
('00000000-0000-0000-0000-000000000002', 'ali@kargo.local', '$2b$10$rQZ8K7Y5y5y5y5y5y5y5yOQZ8K7Y5y5y5y5y5y5y5yOQZ8K7Y5y5y', 'Ali Yılmaz', 'user'),
('00000000-0000-0000-0000-000000000003', 'ayse@kargo.local', '$2b$10$rQZ8K7Y5y5y5y5y5y5y5yOQZ8K7Y5y5y5y5y5y5y5yOQZ8K7Y5y5y', 'Ayşe Demir', 'user'),
('00000000-0000-0000-0000-000000000004', 'mehmet@kargo.local', '$2b$10$rQZ8K7Y5y5y5y5y5y5y5yOQZ8K7Y5y5y5y5y5y5y5yOQZ8K7Y5y5y', 'Mehmet Kaya', 'user');

-- ============================================================
-- KOCAELİ İLÇE MERKEZLERİ (İstasyonlar)
-- Koordinatlar: İlçe merkezi belediye/meydan konumları
-- ============================================================

INSERT INTO stations (id, name, code, latitude, longitude, is_hub, is_active, created_by) VALUES
-- Ana Merkez (Kocaeli Üniversitesi Umuttepe Kampüsü)
('10000000-0000-0000-0000-000000000001', 'Kocaeli Üniversitesi (Merkez Hub)', 'HUB', 40.8224, 29.9256, true, true, '00000000-0000-0000-0000-000000000001'),

-- Kocaeli İlçeleri
('10000000-0000-0000-0000-000000000002', 'Başiskele', 'BASISKELE', 40.7167, 29.9333, false, true, '00000000-0000-0000-0000-000000000001'),
('10000000-0000-0000-0000-000000000003', 'Çayırova', 'CAYIROVA', 40.8275, 29.3772, false, true, '00000000-0000-0000-0000-000000000001'),
('10000000-0000-0000-0000-000000000004', 'Darıca', 'DARICA', 40.7692, 29.3753, false, true, '00000000-0000-0000-0000-000000000001'),
('10000000-0000-0000-0000-000000000005', 'Derince', 'DERINCE', 40.7550, 29.8267, false, true, '00000000-0000-0000-0000-000000000001'),
('10000000-0000-0000-0000-000000000006', 'Dilovası', 'DILOVASI', 40.7833, 29.5333, false, true, '00000000-0000-0000-0000-000000000001'),
('10000000-0000-0000-0000-000000000007', 'Gebze', 'GEBZE', 40.8028, 29.4306, false, true, '00000000-0000-0000-0000-000000000001'),
('10000000-0000-0000-0000-000000000008', 'Gölcük', 'GOLCUK', 40.7167, 29.8167, false, true, '00000000-0000-0000-0000-000000000001'),
('10000000-0000-0000-0000-000000000009', 'Kandıra', 'KANDIRA', 41.0711, 30.1528, false, true, '00000000-0000-0000-0000-000000000001'),
('10000000-0000-0000-0000-000000000010', 'Karamürsel', 'KARAMURSEL', 40.6917, 29.6167, false, true, '00000000-0000-0000-0000-000000000001'),
('10000000-0000-0000-0000-000000000011', 'Kartepe', 'KARTEPE', 40.7500, 30.0333, false, true, '00000000-0000-0000-0000-000000000001'),
('10000000-0000-0000-0000-000000000012', 'Körfez', 'KORFEZ', 40.7833, 29.7333, false, true, '00000000-0000-0000-0000-000000000001'),
('10000000-0000-0000-0000-000000000013', 'İzmit', 'IZMIT', 40.7667, 29.9167, false, true, '00000000-0000-0000-0000-000000000001');

-- ============================================================
-- VEHICLES (Başlangıç Araçları - 3 adet sahip olunan)
-- ============================================================

INSERT INTO vehicles (id, plate_number, name, capacity_kg, ownership, rental_cost, status) VALUES
('20000000-0000-0000-0000-000000000001', '41 KRG 001', 'Araç 1 (500 kg)', 500.00, 'owned', 0, 'available'),
('20000000-0000-0000-0000-000000000002', '41 KRG 002', 'Araç 2 (750 kg)', 750.00, 'owned', 0, 'available'),
('20000000-0000-0000-0000-000000000003', '41 KRG 003', 'Araç 3 (1000 kg)', 1000.00, 'owned', 0, 'available');

-- Kiralık araç şablonu (gerektiğinde kullanılacak)
INSERT INTO vehicles (id, plate_number, name, capacity_kg, ownership, rental_cost, status, is_active) VALUES
('20000000-0000-0000-0000-000000000099', '41 KRL 001', 'Kiralık Araç (500 kg)', 500.00, 'rented', 200.00, 'available', false);

-- ============================================================
-- SAMPLE CARGOS (Senaryo 1 için örnek kargolar)
-- Ertesi gün için planlanmış
-- ============================================================

-- Başiskele: 10 kargo, 120 kg
INSERT INTO cargos (user_id, origin_station_id, weight_kg, scheduled_date, status) VALUES
('00000000-0000-0000-0000-000000000002', '10000000-0000-0000-0000-000000000002', 12.0, CURRENT_DATE + 1, 'pending'),
('00000000-0000-0000-0000-000000000002', '10000000-0000-0000-0000-000000000002', 12.0, CURRENT_DATE + 1, 'pending'),
('00000000-0000-0000-0000-000000000002', '10000000-0000-0000-0000-000000000002', 12.0, CURRENT_DATE + 1, 'pending'),
('00000000-0000-0000-0000-000000000002', '10000000-0000-0000-0000-000000000002', 12.0, CURRENT_DATE + 1, 'pending'),
('00000000-0000-0000-0000-000000000002', '10000000-0000-0000-0000-000000000002', 12.0, CURRENT_DATE + 1, 'pending'),
('00000000-0000-0000-0000-000000000002', '10000000-0000-0000-0000-000000000002', 12.0, CURRENT_DATE + 1, 'pending'),
('00000000-0000-0000-0000-000000000002', '10000000-0000-0000-0000-000000000002', 12.0, CURRENT_DATE + 1, 'pending'),
('00000000-0000-0000-0000-000000000002', '10000000-0000-0000-0000-000000000002', 12.0, CURRENT_DATE + 1, 'pending'),
('00000000-0000-0000-0000-000000000002', '10000000-0000-0000-0000-000000000002', 12.0, CURRENT_DATE + 1, 'pending'),
('00000000-0000-0000-0000-000000000002', '10000000-0000-0000-0000-000000000002', 12.0, CURRENT_DATE + 1, 'pending');

-- Çayırova: 8 kargo, 80 kg
INSERT INTO cargos (user_id, origin_station_id, weight_kg, scheduled_date, status) VALUES
('00000000-0000-0000-0000-000000000003', '10000000-0000-0000-0000-000000000003', 10.0, CURRENT_DATE + 1, 'pending'),
('00000000-0000-0000-0000-000000000003', '10000000-0000-0000-0000-000000000003', 10.0, CURRENT_DATE + 1, 'pending'),
('00000000-0000-0000-0000-000000000003', '10000000-0000-0000-0000-000000000003', 10.0, CURRENT_DATE + 1, 'pending'),
('00000000-0000-0000-0000-000000000003', '10000000-0000-0000-0000-000000000003', 10.0, CURRENT_DATE + 1, 'pending'),
('00000000-0000-0000-0000-000000000003', '10000000-0000-0000-0000-000000000003', 10.0, CURRENT_DATE + 1, 'pending'),
('00000000-0000-0000-0000-000000000003', '10000000-0000-0000-0000-000000000003', 10.0, CURRENT_DATE + 1, 'pending'),
('00000000-0000-0000-0000-000000000003', '10000000-0000-0000-0000-000000000003', 10.0, CURRENT_DATE + 1, 'pending'),
('00000000-0000-0000-0000-000000000003', '10000000-0000-0000-0000-000000000003', 10.0, CURRENT_DATE + 1, 'pending');

-- İzmit: 14 kargo, 160 kg
INSERT INTO cargos (user_id, origin_station_id, weight_kg, scheduled_date, status) VALUES
('00000000-0000-0000-0000-000000000004', '10000000-0000-0000-0000-000000000013', 11.4, CURRENT_DATE + 1, 'pending'),
('00000000-0000-0000-0000-000000000004', '10000000-0000-0000-0000-000000000013', 11.4, CURRENT_DATE + 1, 'pending'),
('00000000-0000-0000-0000-000000000004', '10000000-0000-0000-0000-000000000013', 11.4, CURRENT_DATE + 1, 'pending'),
('00000000-0000-0000-0000-000000000004', '10000000-0000-0000-0000-000000000013', 11.4, CURRENT_DATE + 1, 'pending'),
('00000000-0000-0000-0000-000000000004', '10000000-0000-0000-0000-000000000013', 11.4, CURRENT_DATE + 1, 'pending'),
('00000000-0000-0000-0000-000000000004', '10000000-0000-0000-0000-000000000013', 11.4, CURRENT_DATE + 1, 'pending'),
('00000000-0000-0000-0000-000000000004', '10000000-0000-0000-0000-000000000013', 11.4, CURRENT_DATE + 1, 'pending'),
('00000000-0000-0000-0000-000000000004', '10000000-0000-0000-0000-000000000013', 11.4, CURRENT_DATE + 1, 'pending'),
('00000000-0000-0000-0000-000000000004', '10000000-0000-0000-0000-000000000013', 11.4, CURRENT_DATE + 1, 'pending'),
('00000000-0000-0000-0000-000000000004', '10000000-0000-0000-0000-000000000013', 11.4, CURRENT_DATE + 1, 'pending'),
('00000000-0000-0000-0000-000000000004', '10000000-0000-0000-0000-000000000013', 11.4, CURRENT_DATE + 1, 'pending'),
('00000000-0000-0000-0000-000000000004', '10000000-0000-0000-0000-000000000013', 11.4, CURRENT_DATE + 1, 'pending'),
('00000000-0000-0000-0000-000000000004', '10000000-0000-0000-0000-000000000013', 11.4, CURRENT_DATE + 1, 'pending'),
('00000000-0000-0000-0000-000000000004', '10000000-0000-0000-0000-000000000013', 11.4, CURRENT_DATE + 1, 'pending');

-- Gebze: 5 kargo, 70 kg
INSERT INTO cargos (user_id, origin_station_id, weight_kg, scheduled_date, status) VALUES
('00000000-0000-0000-0000-000000000002', '10000000-0000-0000-0000-000000000007', 14.0, CURRENT_DATE + 1, 'pending'),
('00000000-0000-0000-0000-000000000002', '10000000-0000-0000-0000-000000000007', 14.0, CURRENT_DATE + 1, 'pending'),
('00000000-0000-0000-0000-000000000002', '10000000-0000-0000-0000-000000000007', 14.0, CURRENT_DATE + 1, 'pending'),
('00000000-0000-0000-0000-000000000002', '10000000-0000-0000-0000-000000000007', 14.0, CURRENT_DATE + 1, 'pending'),
('00000000-0000-0000-0000-000000000002', '10000000-0000-0000-0000-000000000007', 14.0, CURRENT_DATE + 1, 'pending');

-- ============================================================
-- VERIFY DATA
-- ============================================================

-- Kontrol sorguları (development için)
-- SELECT 'Users:', COUNT(*) FROM users;
-- SELECT 'Stations:', COUNT(*) FROM stations;
-- SELECT 'Vehicles:', COUNT(*) FROM vehicles;
-- SELECT 'Cargos:', COUNT(*) FROM cargos;
-- SELECT 'Parameters:', COUNT(*) FROM system_parameters;
